AKU AKU	(1-INCH-SQUARE) CHUNKS PINEAPPLE 		FRUIT (PINEAPPLE)	39
AKU AKU	MINT LEAVES		LEAVES (MINT)	39
AKU AKU	LIME JUICE		JUICE (LIME)	39
AKU AKU	DEMERARA SYRUP		SYRUP (DEMERARA)	39
AKU AKU	PEACH LIQUEUR (SUCH AS MATHILDE, COMBIER, OR GIFFARD)		LIQUEUR (PEACH)	39
AKU AKU	BLENDED LIGHTLY AGED RUM	2	RUM (BLENDED LIGHTLY AGED)	39
				
PUPULE	LIME JUICE		JUICE (LIME)	39
PUPULE	ORANGE JUICE		JUICE (ORANGE)	39
PUPULE	CINNAMON SYRUP		SYRUP (CINNAMON)	39
PUPULE	VANILLA SYRUP		SYRUP (VANILLA)	39
PUPULE	ST. ELIZABETH ALLSPICE DRAM		LIQUEUR (ALLSPICE DRAM)	39
PUPULE	COLUMN STILL AGED RUM	4	RUM (COLUMN STILL AGED)	39
PUPULE	ANGOSTURA BITTERS		BITTERS (AROMATIC)	39
				
DON'S OWN GROG	LIME JUICE		JUICE (LIME)	40
DON'S OWN GROG	DEMERARA SYRUP		SYRUP (DEMERARA)	40
DON'S OWN GROG	GRENADINE		SYRUP (GRENADINE)	40
DON'S OWN GROG	LEOPOLD BROTHERS ROCKY MOUNTAIN BLACKBERRY LIQUEUR		LIQUEUR (BLACKBERRY)	40
DON'S OWN GROG	BLENDED AGED RUM	3	RUM (BLENDED AGED)	40
DON'S OWN GROG	BLENDED LIGHTLY AGED RUM	2	RUM (BLENDED LIGHTLY AGED)	40
DON'S OWN GROG	BLACK BLENDED RUM	5	RUM (BLACK BLENDED)	40
DON'S OWN GROG	ANGOSTURA BITTERS		BITTERS (AROMATIC)	40
				
PORT AU PRINCE	LIME JUICE		JUICE (LIME)	40
PORT AU PRINCE	PINEAPPLE JUICE		JUICE (PINEAPPLE)	40
PORT AU PRINCE	DEMERARA SYRUP		SYRUP (DEMERARA)	40
PORT AU PRINCE	GRENADINE		SYRUP (GRENADINE)	40
PORT AU PRINCE	JOHN D. TAYLOR'S VELVET FALERNUM		LIQUEUR (FALERNUM)	40
PORT AU PRINCE	CANE COFFEY STILL AGED RUM		RUM (CANE COFFEY STILL AGED)	40
PORT AU PRINCE	ANGOSTURA BITTERS		BITTERS (AROMATIC)	40
				
TREE DOTS AND A DASH	LIME JUICE		JUICE (LIME)	43
TREE DOTS AND A DASH	ORANGE JUICE		JUICE (ORANGE)	43
TREE DOTS AND A DASH	HONEY SYRUP		SYRUP (HONEY)	43
TREE DOTS AND A DASH	JOHN D. TAYLOR'S VELVET FALERNUM		LIQUEUR (FALERNUM)	43
TREE DOTS AND A DASH	ST. ELIZABETH ALLSPICE DRAM		LIQUEUR (ALLSPICE DRAM)	43
TREE DOTS AND A DASH	CANE AOC MARTINIQUE RHUM AGRICOLE VIEUX	8	RUM (CANE AOC MARTINIQUE RHUM AGRICOLE VIEUX)	43
TREE DOTS AND A DASH	BLENDED AGED RUM	3	RUM (BLENDED AGED)	43
TREE DOTS AND A DASH	ANGOSTURA BITTERS		BITTERS (AROMATIC)	43
				
MEXICAN EL DIABLO	LIME WEDGE		FRUIT (LIME)	43
MEXICAN EL DIABLO	LIME JUICE		JUICE (LIME)	43
MEXICAN EL DIABLO	CRÈME DE CASSIS		LIQUEUR (CRÈME DE CASSIS)	43
MEXICAN EL DIABLO	TEQUILA BLANCO		TEQUILA (BLANCO)	43
MEXICAN EL DIABLO	GINGER ALE		SODA (GINGER)	43
				
PORT LIGHT	EGG WHITE		EGG (WHITE)	44
PORT LIGHT	BOURBON		WHISKEY (BOURBON)	44
PORT LIGHT	LEMON JUICE		JUICE (LEMON)	44
PORT LIGHT	HONEY SYRUP		SYRUP (HONEY)	44
PORT LIGHT	PASSION FRUIT SYRUP		SYRUP (PASSION FRUIT)	44
				
DEMERARA DRY FLOAT	BLACK BLENDED OVERPROOF RUM	6	RUM (BLACK BLENDED OVERPROOF)	44
DEMERARA DRY FLOAT	LIME JUICE		JUICE (LIME)	44
DEMERARA DRY FLOAT	LEMON JUICE		JUICE (LEMON)	44
DEMERARA DRY FLOAT	PASSION FRUIT SYRUP		SYRUP (PASSION FRUIT)	44
DEMERARA DRY FLOAT	DEMERARA SYRUP		SYRUP (DEMERARA)	44
DEMERARA DRY FLOAT	LUXARDO MARASCHINO LIQUEUR		LIQUEUR (MARASCHINO)	44
DEMERARA DRY FLOAT	BLENDED AGED RUM	3	RUM (BLENDED AGED)	44
				
JET PILOT	LIME JUICE		JUICE (LIME)	61
JET PILOT	GRAPEFRUIT JUICE		JUICE (GRAPEFRUIT)	61
JET PILOT	CINNAMON SYRUP		SYRUP (CINNAMON)	61
JET PILOT	JOHN D. TAYLOR'S VELVET FALERNUM		LIQUEUR (FALERNUM)	61
JET PILOT	BLACK BLENDED RUM	5	RUM (BLACK BLENDED)	61
JET PILOT	BLENDED AGED RUM	3	RUM (BLENDED AGED)	61
JET PILOT	BLACK BLENDED OVERPROOF RUM	6	RUM (BLACK BLENDED OVERPROOF)	61
JET PILOT	HERBSTURA		BITTERS (HERBSTURA)	61
				
HALEKULANI COCKTAIL	LEMON JUICE		JUICE (LEMON)	61
HALEKULANI COCKTAIL	ORANGE JUICE		JUICE (ORANGE)	61
HALEKULANI COCKTAIL	PINEAPPLE JUICE		JUICE (PINEAPPLE)	61
HALEKULANI COCKTAIL	DEMERARA SYRUP		SYRUP (DEMERARA)	61
HALEKULANI COCKTAIL	GRENADINE		SYRUP (GRENADINE)	61
HALEKULANI COCKTAIL	BOURBON		WHISKEY (BOURBON)	61
HALEKULANI COCKTAIL	ANGOSTURA BITTERS		BITTERS (AROMATIC)	61
				
SIDEWINDER'S FANG	SIDEWINDER'S FANG PEEL		GARNISH (SIDEWINDER'S FANG PEEL)	62
SIDEWINDER'S FANG	LIME JUICE		JUICE (LIME)	62
SIDEWINDER'S FANG	ORANGE JUICE		JUICE (ORANGE)	62
SIDEWINDER'S FANG	PASSION FRUIT SYRUP		SYRUP (PASSION FRUIT)	62
SIDEWINDER'S FANG	SELTZER		SODA	62
SIDEWINDER'S FANG	BLENDED AGED RUM	3	RUM (BLENDED AGED)	62
SIDEWINDER'S FANG	BLACK BLENDED RUM	5	RUM (BLACK BLENDED)	62
				
HAWAIIN SUNSET	LIME JUICE		JUICE (LIME)	62
HAWAIIN SUNSET	LEMON JUICE		JUICE (LEMON)	62
HAWAIIN SUNSET	ORGEAT		SYRUP (ALMOND)	62
HAWAIIN SUNSET	GRENADINE		SYRUP (GRENADINE)	62
HAWAIIN SUNSET	VODKA		VODKA	62
				
CAPTAIN'S GROG	LIME JUICE		JUICE (LIME)	65
CAPTAIN'S GROG	GRAPEFRUIT JUICE		JUICE (GRAPEFRUIT)	65
CAPTAIN'S GROG	MAPLE SYRUP		SYRUP (MAPLE)	65
CAPTAIN'S GROG	VANILLA EXTRACT		EXTRACT (VANILLA)	65
CAPTAIN'S GROG	ALMOND EXTRACT		EXTRACT (ALMOND)	65
CAPTAIN'S GROG	SELTZER		SODA	65
CAPTAIN'S GROG	JOHN D. TAYLOR'S VELVET FALERNUM		LIQUEUR (FALERNUM)	65
CAPTAIN'S GROG	PIERRE FERRAND DRY CURACAO		LIQUEUR (ORANGE)	65
CAPTAIN'S GROG	BLACK BLENDED RUM	5	RUM (BLACK BLENDED)	65
CAPTAIN'S GROG	BLENDED LIGHTLY AGED RUM	2	RUM (BLENDED LIGHTLY AGED)	65
CAPTAIN'S GROG	BLENDED AGED RUM	3	RUM (BLENDED AGED)	65
				
SUFFERING BASTARD	GINGER BEER		BEER (GINGER)	65
SUFFERING BASTARD	LIME JUICE		JUICE (LIME)	65
SUFFERING BASTARD	DEMERARA SYRUP		SYRUP (DEMERARA)	65
SUFFERING BASTARD	LONDON DRY GIN		GIN (LONDON DRY)	65
SUFFERING BASTARD	BRANDY		BRANDY (GRAPE)	65
SUFFERING BASTARD	ANGOSTURA BITTERS		BITTERS (AROMATIC)	65
				
MERCILESS VIRGIN	LEMON JUICE		JUICE (LEMON)	67
MERCILESS VIRGIN	SELTZER		SODA	67
MERCILESS VIRGIN	CHERRY HEERING LIQUEUR		LIQUEUR (CHERRY HEERING)	67
MERCILESS VIRGIN	JOHN D. TAYLOR'S VELVET FALERNUM		LIQUEUR (FALERNUM)	67
MERCILESS VIRGIN	PIERRE FERRAND DRY CURACAO		LIQUEUR (ORANGE)	67
MERCILESS VIRGIN	BLENDED LIGHTLY AGED RUM	2	RUM (BLENDED LIGHTLY AGED)	67
				
SATURN	LEMON JUICE		JUICE (LEMON)	67
SATURN	PASSION FRUIT SYRUP		SYRUP (PASSION FRUIT)	67
SATURN	ORGEAT		SYRUP (ALMOND)	67
SATURN	JOHN D. TAYLOR'S VELVET FALERNUM		LIQUEUR (FALERNUM)	67
SATURN	LONDON DRY GIN		GIN (LONDON DRY)	67
				
TIKI BOWL	ORANGE JUICE		JUICE (ORANGE)	68
TIKI BOWL	LIME JUICE		JUICE (LIME)	68
TIKI BOWL	HONEY SYRUP		SYRUP (HONEY)	68
TIKI BOWL	BLACK BLENDED RUM	5	RUM (BLACK BLENDED)	68
TIKI BOWL	BLACK BLENDED OVERPROOF RUM	6	RUM (BLACK BLENDED OVERPROOF)	68
TIKI BOWL	COLUMN STILL AGED RUM	4	RUM (COLUMN STILL AGED)	68
TIKI BOWL	HERBSTURA		BITTERS (HERBSTURA)	68
				
HURRICANE	LEMON JUICE		JUICE (LEMON)	68
HURRICANE	PASSION FRUIT SYRUP		SYRUP (PASSION FRUIT)	68
HURRICANE	BLACK BLENDED RUM	5	RUM (BLACK BLENDED)	68
				
MUNDO PERDIDO	LEMON JUICE		JUICE (LEMON)	93
MUNDO PERDIDO	CINNAMON SYRUP		SYRUP (CINNAMON)	93
MUNDO PERDIDO	DEMERARA SYRUP		SYRUP (DEMERARA)	93
MUNDO PERDIDO	APPLE BRANDY		BRANDY (APPLE)	93
MUNDO PERDIDO	BLACK BLENDED RUM	5	RUM (BLACK BLENDED)	93
				
FORMIDABLE DRAGON	LEMON JUICE		JUICE (LEMON)	93
FORMIDABLE DRAGON	LIME JUICE		JUICE (LIME)	93
FORMIDABLE DRAGON	HONEY SYRUP		SYRUP (HONEY)	93
FORMIDABLE DRAGON	MOLASSES SYRUP		SYRUP (MOLASSES)	93
FORMIDABLE DRAGON	AMARO DI ANGOSTURA		AMARO (DI ANGOSTURA)	93
FORMIDABLE DRAGON	BLENDED AGED RUM	3	RUM (BLENDED AGED)	93
FORMIDABLE DRAGON	BLACK BLENDED RUM	5	RUM (BLACK BLENDED)	93
FORMIDABLE DRAGON	POT STILL LIGHTLY AGED RUM (OVERPROOF)	1	POT STILL LIGHTLY AGED RUM (OVERPROOF)	93
FORMIDABLE DRAGON	SELTZER		SODA	93
				
LEI LANI VOLCANO 2.0	BUNDABERG GUAVA SODA		SODA (GUAVA)	94
LEI LANI VOLCANO 2.0	PINEAPPLE JUICE		JUICE (PINEAPPLE)	94
LEI LANI VOLCANO 2.0	LIME JUICE		JUICE (LIME)	94
LEI LANI VOLCANO 2.0	COCONUT CREAM		CREAM (COCONUT)	94
LEI LANI VOLCANO 2.0	BLENDED AGED RUM	3	RUM (BLENDED AGED)	94
				
TRADEWINDS	LEMON JUICE		JUICE (LEMON)	94
TRADEWINDS	COCONUT CREAM		CREAM (COCONUT)	94
TRADEWINDS	APRICOT LIQUEUR (SUCH AS ROTHMAN & WINTER APRICOT LIQUEUR OR GIFFARD ABRICOT DU ROUSSILLON)		LIQUEUR (APRICOT)	94
TRADEWINDS	BLACK BLENDED RUM	5	RUM (BLACK BLENDED)	94
TRADEWINDS	BLENDED LIGHTLY AGED RUM	2	RUM (BLENDED LIGHTLY AGED)	94
				
PEACHTREE PUNCH 2.0	YELLOW OR WHITE PEACH, PITTED, AND COARSELY CHOPPED INTO CHUNKS (WITH SKIN)		FRUIT (PEACH)	96
PEACHTREE PUNCH 2.0	ORANGE JUICE		JUICE (ORANGE)	96
PEACHTREE PUNCH 2.0	LEMON JUICE		JUICE (LEMON)	96
PEACHTREE PUNCH 2.0	COCONUT CREAM		CREAM (COCONUT)	96
PEACHTREE PUNCH 2.0	PEACH LIQUEUR (SUCH AS MATHILDE PEACH OR COMBIER CRÈME DE PÊCHE DE VIGNE)		LIQUEUR (PEACH)	96
PEACHTREE PUNCH 2.0	BLENDED LIGHTLY AGED RUM	2	RUM (BLENDED LIGHTLY AGED)	96
PEACHTREE PUNCH 2.0	SELTZER		SODA	96
				
JUNGLE BIRD	PINEAPPLE JUICE		JUICE (PINEAPPLE)	96
JUNGLE BIRD	LIME JUICE		JUICE (LIME)	96
JUNGLE BIRD	DEMERARA SYRUP		SYRUP (DEMERARA)	96
JUNGLE BIRD	CAMPARI		AMARO (CAMPARI)	96
JUNGLE BIRD	BLACK BLENDED RUM	5	RUM (BLACK BLENDED)	96
				
GOLDEN GUN	LIME JUICE		JUICE (LIME)	97
GOLDEN GUN	GRAPEFRUIT JUICE		JUICE (GRAPEFRUIT)	97
GOLDEN GUN	DEMERARA SYRUP		SYRUP (DEMERARA)	97
GOLDEN GUN	APRICOT LIQUEUR (SUCH AS ROTHMAN & WINTER APRICOT LIQUEUR OR GIFFARD ABRICOT DU ROUSSILLON)		LIQUEUR (APRICOT)	97
GOLDEN GUN	BLENDED AGED RUM	3	RUM (BLENDED AGED)	97
GOLDEN GUN	BLENDED LIGHTLY AGED RUM	2	RUM (BLENDED LIGHTLY AGED)	97
GOLDEN GUN	ANGOSTURA BITTERS		BITTERS (AROMATIC)	97
				
HINKY DINKS FIZZY	SPARKLING WINE		WINE (SPARKLING)	97
HINKY DINKS FIZZY	PINEAPPLE JUICE		JUICE (PINEAPPLE)	97
HINKY DINKS FIZZY	LIME JUICE		JUICE (LIME)	97
HINKY DINKS FIZZY	PASSION FRUIT SYRUP		SYRUP (PASSION FRUIT)	97
HINKY DINKS FIZZY	APRICOT LIQUEUR (SUCH AS ROTHMAN & WINTER APRICOT LIQUEUR OR GIFFARD ABRICOT DU ROUSSILLON)		LIQUEUR (APRICOT)	97
HINKY DINKS FIZZY	LONDON DRY GIN		GIN (LONDON DRY)	97
HINKY DINKS FIZZY	BLENDED LIGHTLY AGED RUM	2	RUM (BLENDED LIGHTLY AGED)	97
				
PAMPANITO	LEMON JUICE		JUICE (LEMON)	115
PAMPANITO	MOLASSES SYRUP		SYRUP (MOLASSES)	115
PAMPANITO	SELTZER		SODA	115
PAMPANITO	ST. ELIZABETH ALLSPICE DRAM		LIQUEUR (ALLSPICE DRAM)	115
PAMPANITO	BLACK BLENDED RUM	5	RUM (BLACK BLENDED)	115
PAMPANITO	ANGOSTURA BITTERS		BITTERS (AROMATIC)	115
				
MAX'S MISTAKE	LEMON JUICE		JUICE (LEMON)	115
MAX'S MISTAKE	PASSION FRUIT SYRUP		SYRUP (PASSION FRUIT)	115
MAX'S MISTAKE	HONEY SYRUP		SYRUP (HONEY)	115
MAX'S MISTAKE	LONDON DRY GIN		GIN (LONDON DRY)	115
MAX'S MISTAKE	ANGOSTURA BITTERS		BITTERS (AROMATIC)	115
MAX'S MISTAKE	FENTIMANS VICTORIAN LEMONADE (OR ANY QUALITY DRY SPARKLING LEMONADE)		SPARKLING LEMONADE	115
				
LA GUILDIVE	GINGER BEER		BEER (GINGER)	116
LA GUILDIVE	LIME JUICE		JUICE (LIME)	116
LA GUILDIVE	LICOR 43		LIQUEUR (LICOR 43)	116
LA GUILDIVE	PEACH LIQUEUR (SUCH AS MATHILDE PEACH OR COMBIER CRÈME DE PÊCHE DE VIGNE)		LIQUEUR (PEACH)	116
LA GUILDIVE	BLENDED AGED RUM	3	RUM (BLENDED AGED)	116
LA GUILDIVE	GRATED CINNAMON		SPICE (CINNAMON)	116
				
THE TWENTY SEVENTY SWIZZLE	LIME JUICE		JUICE (LIME)	116
THE TWENTY SEVENTY SWIZZLE	DEMERARA SYRUP		SYRUP (DEMERARA)	116
THE TWENTY SEVENTY SWIZZLE	HONEY SYRUP		SYRUP (HONEY)	116
THE TWENTY SEVENTY SWIZZLE	ST. ELIZABETH ALLSPICE DRAM		LIQUEUR (ALLSPICE DRAM)	116
THE TWENTY SEVENTY SWIZZLE	COLUMN STILL AGED RUM	4	RUM (COLUMN STILL AGED)	116
THE TWENTY SEVENTY SWIZZLE	BLACK BLENDED OVERPROOF RUM	6	RUM (BLACK BLENDED OVERPROOF)	116
THE TWENTY SEVENTY SWIZZLE	HERBSTURA		BITTERS (HERBSTURA)	116
THE TWENTY SEVENTY SWIZZLE	GRATED NUTMEG		SPICE (NUTMEG)	116
				
SHUDDERS IN A WHISPER	LIME JUICE		JUICE (LIME)	118
SHUDDERS IN A WHISPER	PASSION FRUIT SYRUP		SYRUP (PASSION FRUIT)	118
SHUDDERS IN A WHISPER	PEAR LIQUEUR (SUCH AS MATHILDE POIRE)		LIQUEUR (PEAR)	118
SHUDDERS IN A WHISPER	DRAMBUIE LIQUEUR		LIQUEUR (DRAMBUIE)	118
SHUDDERS IN A WHISPER	SELTZER		SODA	118
SHUDDERS IN A WHISPER	COLUMN STILL AGED RUM	4	RUM (COLUMN STILL AGED)	118
SHUDDERS IN A WHISPER	PEYCHAUD'S BITTERS		BITTERS (CREOLE)	118
SHUDDERS IN A WHISPER	ANGOSTURA BITTERS		BITTERS (AROMATIC)	118
				
CUEVAS	CINNAMON SYRUP		SYRUP (CINNAMON)	118
CUEVAS	PUNT E MES		VERMOUTH (SWEET)	118
CUEVAS	TAWNY PORT		PORT (TAWNY)	118
CUEVAS	BLENDED AGED RUM	3	RUM (BLENDED AGED)	118
CUEVAS	BITTERMENS 'ELEMAKULE TIKI BITTERS		BITTERS (TIKI)	118
				
NORWEGIAN PARALYSIS	ORANGE JUICE		JUICE (ORANGE)	119
NORWEGIAN PARALYSIS	PINEAPPLE JUICE		JUICE (PINEAPPLE)	119
NORWEGIAN PARALYSIS	LEMON JUICE		JUICE (LEMON)	119
NORWEGIAN PARALYSIS	DEMERARA SYRUP		SYRUP (DEMERARA)	119
NORWEGIAN PARALYSIS	ORGEAT		SYRUP (ALMOND)	119
NORWEGIAN PARALYSIS	AQUAVIT		AQUAVIT	119
				
JUAN HO ROYALE	CHAMPAGNE OR SPARKLING WINE		WINE (SPARKLING)	119
JUAN HO ROYALE	LIME JUICE		JUICE (LIME)	119
JUAN HO ROYALE	ORGEAT		SYRUP (ALMOND)	119
JUAN HO ROYALE	BLUE CURACAO		LIQUEUR (ORANGE BLUE)	119
JUAN HO ROYALE	JOHN D. TAYLOR'S VELVET FALERNUM		LIQUEUR (FALERNUM)	119
JUAN HO ROYALE	TEQUILA BLANCO		TEQUILA (BLANCO)	119
				
CHARTREUSE SWIZZLE	PINEAPPLE JUICE		JUICE (PINEAPPLE)	120
CHARTREUSE SWIZZLE	LIME JUICE		JUICE (LIME)	120
CHARTREUSE SWIZZLE	JOHN D. TAYLOR'S VELVET FALERNUM		LIQUEUR (FALERNUM)	120
CHARTREUSE SWIZZLE	GREEN CHARTREUSE		LIQUEUR (CHARTREUSE GREEN)	120
				
ROSELITA	SELTZER		SODA	120
ROSELITA	LIME JUICE		JUICE (LIME)	120
ROSELITA	ORGEAT		SYRUP (ALMOND)	120
ROSELITA	HIBISCUS LIQUEUR		LIQUEUR (HIBISCUS)	120
ROSELITA	PEAR LIQUEUR (SUCH AS MATHILDE POIRE)		LIQUEUR (PEAR)	120
ROSELITA	COLUMN STILL AGED RUM	4	RUM (COLUMN STILL AGED)	120
ROSELITA	PEYCHAUD'S BITTERS		BITTERS (CREOLE)	120
				
CENTER OF THE GALAXY	LIME JUICE		JUICE (LIME)	121
CENTER OF THE GALAXY	DEMERARA SYRUP		SYRUP (DEMERARA)	121
CENTER OF THE GALAXY	HONEY SYRUP		SYRUP (HONEY)	121
CENTER OF THE GALAXY	ST. GEORGE RASPBERRY LIQUEUR		LIQUEUR (RASPBERRY)	121
CENTER OF THE GALAXY	BLENDED AGED RUM	3	RUM (BLENDED AGED)	121
CENTER OF THE GALAXY	GROUND CINNAMON		SPICE (CINNAMON)	121
				
CALLALOO COOLER	SELTZER		SODA	121
CALLALOO COOLER	LIME JUICE		JUICE (LIME)	121
CALLALOO COOLER	CINNAMON SYRUP		SYRUP (CINNAMON)	121
CALLALOO COOLER	CHERRY HEERING LIQUEUR		LIQUEUR (CHERRY HEERING)	121
CALLALOO COOLER	BLENDED LIGHTLY AGED RUM	2	RUM (BLENDED LIGHTLY AGED)	121
CALLALOO COOLER	ANGOSTURA BITTERS		BITTERS (AROMATIC)	121
				
TOP NOTCH VOLCANO	LIME JUICE		JUICE (LIME)	134
TOP NOTCH VOLCANO	PINEAPPLE JUICE		JUICE (PINEAPPLE)	134
TOP NOTCH VOLCANO	PASSION FRUIT PUREE		PUREE (PASSION FRUIT)	134
TOP NOTCH VOLCANO	DEMERARA SYRUP		SYRUP (DEMERARA)	134
TOP NOTCH VOLCANO	LUXARDO MARASCHINO LIQUEUR		LIQUEUR (MARASCHINO)	134
TOP NOTCH VOLCANO	BLENDED LIGHTLY AGED RUM	2	RUM (BLENDED LIGHTLY AGED)	134
TOP NOTCH VOLCANO	BLENDED AGED RUM	3	RUM (BLENDED AGED)	134
				
THE NAKED APE	LEMON JUICE		JUICE (LEMON)	134
THE NAKED APE	CINNAMON SYRUP		SYRUP (CINNAMON)	134
THE NAKED APE	GIFFARD BANANE DU BRÉSIL BANANA LIQUEUR		BANANA LIQUEUR	134
THE NAKED APE	BLACK BLENDED RUM	5	RUM (BLACK BLENDED)	134
THE NAKED APE	POT STILL LIGHTLY AGED RUM (OVERPROOF)	1	POT STILL LIGHTLY AGED RUM (OVERPROOF)	134
THE NAKED APE	ANGOSTURA BITTERS		BITTERS (AROMATIC)	134
				
SWIZZLE FRANÇAIS	LIME JUICE		JUICE (LIME)	136
SWIZZLE FRANÇAIS	MARTINIQUE SUGARCANE SYRUP		SYRUP (MARTINIQUE SUGARCANE)	136
SWIZZLE FRANÇAIS	ST. ELIZABETH ALLSPICE DRAM		LIQUEUR (ALLSPICE DRAM)	136
SWIZZLE FRANÇAIS	CANE AOC MARTINIQUE RHUM AGRICOLE VIEUX	8	RUM (CANE AOC MARTINIQUE RHUM AGRICOLE VIEUX)	136
SWIZZLE FRANÇAIS	GROUND CINNAMON		SPICE (NUTMEG)	136
				
SPARKLING MAI TAI	LIME JUICE		JUICE (LIME)	136
SPARKLING MAI TAI	ORGEAT		SYRUP (ALMOND)	136
SPARKLING MAI TAI	PIERRE FERRAND DRY CURACAO		LIQUEUR (ORANGE)	136
SPARKLING MAI TAI	BLACK BLENDED OVERPROOF RUM	6	RUM (BLACK BLENDED OVERPROOF)	136
SPARKLING MAI TAI	BLENDED AGED RUM	3	RUM (BLENDED AGED)	136
SPARKLING MAI TAI	SPARKLING WINE		WINE (SPARKLING)	136
				
THE ERNESTO	TING GRAPEFRUIT SODA		SODA (GRAPEFRUIT)	137
THE ERNESTO	LIME JUICE		JUICE (LIME)	137
THE ERNESTO	HONEY SYRUP		SYRUP (HONEY)	137
THE ERNESTO	APRICOT LIQUEUR (SUCH AS ROTHMAN & WINTER APRICOT LIQUEUR OR GIFFARD ABRICOT DU ROUSSILLON)		LIQUEUR (APRICOT)	137
THE ERNESTO	TEQUILA BLANCO		TEQUILA (BLANCO)	137
THE ERNESTO	HERBSTURA		BITTERS (HERBSTURA)	137
				
THE SEXPERT	LEMON JUICE		JUICE (LEMON)	137
THE SEXPERT	PASSION FRUIT SYRUP		SYRUP (PASSION FRUIT)	137
THE SEXPERT	JOHN D. TAYLOR'S VELVET FALERNUM		LIQUEUR (FALERNUM)	137
THE SEXPERT	PERUVIAN PISCO		BRANDY (PISCO)	137
THE SEXPERT	GIN		GIN	137
THE SEXPERT	BITTERMENS BURLESQUE BITTERS		BITTERS (BITTERMENS BURLESQUE)	137
				
SMUGGLER'S RUM BARREL	LIME JUICE		JUICE (LIME)	139
SMUGGLER'S RUM BARREL	PINEAPPLE JUICE		JUICE (PINEAPPLE)	139
SMUGGLER'S RUM BARREL	SECRET		SECRET	139
SMUGGLER'S RUM BARREL	SECRET		SECRET	139
SMUGGLER'S RUM BARREL	BLACK BLENDED OVERPROOF RUM	6	RUM (BLACK BLENDED OVERPROOF)	139
SMUGGLER'S RUM BARREL	ANGOSTURA BITTERS		BITTERS (AROMATIC)	139
				
HANA REVIVER	LEMON JUICE		JUICE (LEMON)	139
HANA REVIVER	PASSION FRUIT SYRUP		SYRUP (PASSION FRUIT)	139
HANA REVIVER	LI HING MUI POWDER		LI HING MUI POWDER	139
HANA REVIVER	SELTZER		SODA	139
HANA REVIVER	MARASCHINO LIQUEUR		LIQUEUR (MARASCHINO)	139
HANA REVIVER	POT STILL UNAGED RUM		RUM (POT STILL UNAGED)	139
				
KAITEUR SWIZZLE	LIME JUICE		JUICE (LIME)	140
KAITEUR SWIZZLE	MAPLE SYRUP		SYRUP (MAPLE)	140
KAITEUR SWIZZLE	JOHN D. TAYLOR'S VELVET FALERNUM		LIQUEUR (FALERNUM)	140
KAITEUR SWIZZLE	BLENDED AGED RUM (GUYANA)	3	RUM (BLENDED AGED)	140
KAITEUR SWIZZLE	ANGOSTURA BITTERS		BITTERS (AROMATIC)	140
				
THE EXPEDITION	LIME JUICE		JUICE (LIME)	140
THE EXPEDITION	CINNAMON SYRUP		SYRUP (CINNAMON)	140
THE EXPEDITION	HONEY SYRUP		SYRUP (HONEY)	140
THE EXPEDITION	VANILLLA SYRUP		SYRUP (VANILLA)	140
THE EXPEDITION	SELTZER		SODA	140
THE EXPEDITION	BITTERMENS NEW ORLEANS COFFEE LIQUEUR		LIQUEUR (COFFEE)	140
THE EXPEDITION	BLACK BLENDED RUM	5	RUM (BLACK BLENDED)	140
THE EXPEDITION	BOURBON		WHISKEY (BOURBON)	140
				
THE UNDEAD GENTLEMAN	ABSINTHE BLANC		ABSINTHE (BLANC)	142
THE UNDEAD GENTLEMAN	LIME JUICE		JUICE (LIME)	142
THE UNDEAD GENTLEMAN	GRAPEFRUIT JUICE (WHITE OR PINK)		JUICE (GRAPEFRUIT) (WHITE OR PINK)	142
THE UNDEAD GENTLEMAN	CINNAMON SYRUP		SYRUP (CINNAMON)	142
THE UNDEAD GENTLEMAN	JOHN D. TAYLOR'S VELVET FALERNUM		LIQUEUR (FALERNUM)	142
THE UNDEAD GENTLEMAN	BLACK BLENDED OVERPROOF RUM	6	RUM (BLACK BLENDED OVERPROOF)	142
THE UNDEAD GENTLEMAN	BLENDED AGED RUM	3	RUM (BLENDED AGED)	142
THE UNDEAD GENTLEMAN	ANGOSTURA BITTERS		BITTERS (AROMATIC)	142
				
THE DEAD RECKONING	SELTZER		SODA	142
THE DEAD RECKONING	LEMON JUICE		JUICE (LEMON)	142
THE DEAD RECKONING	PINEAPPLE JUICE		JUICE (PINEAPPLE)	142
THE DEAD RECKONING	MAPLE SYRUP		SYRUP (MAPLE)	142
THE DEAD RECKONING	VANILLA BRANDY		BRANDY (VANILLA)	142
THE DEAD RECKONING	TAWNY PORT		PORT (TAWNY)	142
THE DEAD RECKONING	BLENDED AGED RUM	3	RUM (BLENDED AGED)	142
THE DEAD RECKONING	ANGOSTURA BITTERS		BITTERS (AROMATIC)	142
				
FALINUM	LEMON JUICE		JUICE (LEMON)	144
FALINUM	COCONUT CREAM		CREAM (COCONUT)	144
FALINUM	SELTZER		SODA	144
FALINUM	JOHN D. TAYLOR'S VELVET FALERNUM		LIQUEUR (FALERNUM)	144
FALINUM	COLUMN STILL AGED RUM	4	RUM (COLUMN STILL AGED)	144
FALINUM	ORANGE BITTERS		BITTERS (ORANGE)	144
				
HUMUHUMUNUKUNUKUAPUA'A	LEMON JUICE		JUICE (LEMON)	144
HUMUHUMUNUKUNUKUAPUA'A	PINEAPPLE JUICE		JUICE (PINEAPPLE)	144
HUMUHUMUNUKUNUKUAPUA'A	ORGEAT		SYRUP (ALMOND)	144
HUMUHUMUNUKUNUKUAPUA'A	GIN		GIN	144
HUMUHUMUNUKUNUKUAPUA'A	PEYCHAUD'S BITTERS		BITTERS (CREOLE)	144
				
LAUWILIWILINUKUNUKU'OI'OI	LEMON JUICE		JUICE (LEMON)	144
LAUWILIWILINUKUNUKU'OI'OI	PINEAPPLE JUICE		JUICE (PINEAPPLE)	144
LAUWILIWILINUKUNUKU'OI'OI	ORGEAT		SYRUP (ALMOND)	144
LAUWILIWILINUKUNUKU'OI'OI	BLENDED AGED RUM	3	RUM (BLENDED AGED)	144
LAUWILIWILINUKUNUKU'OI'OI	PEYCHAUD'S BITTERS		BITTERS (CREOLE)	144
				
FINKELGROG	LIME JUICE		JUICE (LIME)	145
FINKELGROG	GRAPEFRUIT JUICE		JUICE (GRAPEFRUIT)	145
FINKELGROG	ORGEAT		SYRUP (ALMOND)	145
FINKELGROG	NAPA WINE SYRUP		SYRUP (NAPA WINE)	145
FINKELGROG	LICOR 43		LIQUEUR (LICOR 43)	145
FINKELGROG	BLENDED LIGHTLY AGED RUM	2	RUM (BLENDED LIGHTLY AGED)	145
FINKELGROG	BLACK BLENDED RUM	5	RUM (BLACK BLENDED)	145
FINKELGROG	SELTZER		SODA	145
FINKELGROG	GROUND CINNAMON		SPICE (CINNAMON)	145
				
FOR PETE'S SAKE	LIME JUICE		JUICE (LIME)	145
FOR PETE'S SAKE	DEMERARA SYRUP		SYRUP (DEMERARA)	145
FOR PETE'S SAKE	HIBISCUS LIQUEUR		LIQUEUR (HIBISCUS)	145
FOR PETE'S SAKE	CHERRY HEERING LIQUEUR		LIQUEUR (CHERRY HEERING)	145
FOR PETE'S SAKE	PERUVIAN PISCO		BRANDY (PISCO)	145
FOR PETE'S SAKE	ANGOSTURA BITTERS		BITTERS (AROMATIC)	145
				
ARRACK PUNCH	LEMON JUICE		JUICE (LEMON)	163
ARRACK PUNCH	LIME JUICE		JUICE (LIME)	163
ARRACK PUNCH	DEMERARA SYRUP		SYRUP (DEMERARA)	163
ARRACK PUNCH	BATAVIA ARRACK		BATAVIA ARRACK	163
ARRACK PUNCH	POT STILL LIGHTLY AGED RUM (OVERPROOF)	1	POT STILL LIGHTLY AGED RUM (OVERPROOF)	163
ARRACK PUNCH	CABONATED CHAI TEA		CABONATED CHAI TEA	163
				
EL DRAQUE	MINT LEAVES		LEAVES (MINT)	163
EL DRAQUE	DEMERARA SYRUP		SYRUP (DEMERARA)	163
EL DRAQUE	LIME JUICE		JUICE (LIME)	163
EL DRAQUE	POT STILL AGED CACHAÇA		CACHAÇA	163
				
GROG	LIME JUICE		JUICE (LIME)	165
GROG	DEMERARA SYRUP		SYRUP (DEMERARA)	165
GROG	RUM		RUM	165
				
RUM FLIP	MEDIUM EGG		EGG MEDIUM	165
RUM FLIP	DEMERARA SYRUP		SYRUP (DEMERARA)	165
RUM FLIP	BLENDED AGED RUM	3	RUM (BLENDED AGED)	165
				
BOMBO	DEMERARA SYRUP		SYRUP (DEMERARA)	167
BOMBO	BLENDED AGED RUM	3	RUM (BLENDED AGED)	167
				
CALIBOGUS	SELTZER		SODA	167
CALIBOGUS	LIME JUICE		JUICE (LIME)	167
CALIBOGUS	MOLASSES SYRUP		SYRUP (MOLASSES)	167
CALIBOGUS	SPRUCE BEER SODA EXTRACT		EXTRACT (SPRUCE BEER SODA)	167
CALIBOGUS	ZIRBENZ STONE PINE LIQUEUR		LIQUEUR (PINE)	167
CALIBOGUS	BLENDED AGED RUM	3	RUM (BLENDED AGED)	167
				
MARY PICKFORD	PINEAPPLE JUICE		JUICE (PINEAPPLE)	168
MARY PICKFORD	GRENADINE		SYRUP (GRENADINE)	168
MARY PICKFORD	LUXARDO MARASCHINO LIQUEUR		LIQUEUR (MARASCHINO)	168
MARY PICKFORD	BLENDED LIGHTLY AGED RUM	2	RUM (BLENDED LIGHTLY AGED)	168
				
DAIQUIRI NO. 1	LIME JUICE		JUICE (LIME)	168
DAIQUIRI NO. 1	DEMERARA SYRUP		SYRUP (DEMERARA)	168
DAIQUIRI NO. 1	BLENDED LIGHTLY AGED RUM	2	RUM (BLENDED LIGHTLY AGED)	168
				
HOTEL NACIONAL SPECIAL	(1-INCH-SQUARE) PINEAPPLE CHUNKS		FRUIT (PINEAPPLE)	171
HOTEL NACIONAL SPECIAL 	LIME JUICE		JUICE (LIME)	171
HOTEL NACIONAL SPECIAL	DEMERARA SYRUP		SYRUP (DEMERARA)	171
HOTEL NACIONAL SPECIAL	APRICOT LIQUEUR (SUCH AS ROTHMAN & WINTER APRICOT LIQUEUR OR GIFFARD ABRICOT DU ROUSSILLON)		LIQUEUR (APRICOT) 	171
HOTEL NACIONAL SPECIAL	BLENDED LIGHTLY AGED RUM	2	RUM (BLENDED LIGHTLY AGED)	171
				
DAISY DE SANTIAGO	LIME JUICE		JUICE (LIME)	171
DAISY DE SANTIAGO	DEMERARA SYRUP		SYRUP (DEMERARA)	171
DAISY DE SANTIAGO	SELTZER		SODA	171
DAISY DE SANTIAGO	YELLOW CHARTREUSE		LIQUEUR (YELLOW CHARTREUSE)	171
DAISY DE SANTIAGO	BLENDED LIGHTLY AGED RUM	2	RUM (BLENDED LIGHTLY AGED)	171
				
EL PRESIDENTE	GRENADINE		SYRUP (GRENADINE)	172
EL PRESIDENTE	DRY VERMOUTH		VERMOUTH (DRY)	172
EL PRESIDENTE	PIERRE FERRAND DRY CURACAO		LIQUEUR (ORANGE)	172
EL PRESIDENTE	BLENDED LIGHTLY AGED RUM	2	RUM (BLENDED LIGHTLY AGED)	172
				
TWELVE MILE LIMIT	LEMON JUICE		JUICE (LEMON)	172
TWELVE MILE LIMIT	GRENADINE		SYRUP (GRENADINE)	172
TWELVE MILE LIMIT	BLENDED LIGHTLY AGED RUM	2	RUM (BLENDED LIGHTLY AGED)	172
TWELVE MILE LIMIT	RYE		WHISKEY (RYE)	172
TWELVE MILE LIMIT	BRANDY		BRANDY (GRAPE)	172
				
PARISIAN BLONDE	PIERRE FERRAND DRY CURACAO		LIQUEUR (ORANGE)	174
PARISIAN BLONDE	BLENDED AGED RUM	3	RUM (BLENDED AGED)	174
PARISIAN BLONDE	SWEET CREAM		CREAM (SWEET)	174
				
CORA MIDDLETON	EGG WHITE		EGG (WHITE)	174
CORA MIDDLETON	BLENDED AGED RUM	3	RUM (BLENDED AGED)	174
CORA MIDDLETON	LIME JUICE		JUICE (LIME)	174
CORA MIDDLETON	DEMERARA SYRUP		SYRUP (DEMERARA)	174
CORA MIDDLETON	SMALL HAND FOODS RASPBERRY GUM SYRUP		SYRUP (RASPBERRY GUM)	174
				
MILLIONAIRE COCKTAIL NO. 1	LIME JUICE		JUICE (LIME)	175
MILLIONAIRE COCKTAIL NO. 1	GRENADINE		SYRUP (GRENADINE)	175
MILLIONAIRE COCKTAIL NO. 1	APRICOT LIQUEUR (SUCH AS ROTHMAN & WINTER APRICOT LIQUEUR OR GIFFARD ABRICOT DU ROUSSILLON)		LIQUEUR (APRICOT)	175
MILLIONAIRE COCKTAIL NO. 1	BLACK POT STILL RUM		BLACK POT STILL RUM	175
MILLIONAIRE COCKTAIL NO. 1	BLENDED AGED RUM	OR 3	RUM (BLENDED AGED)	175
MILLIONAIRE COCKTAIL NO. 1	SLOE GIN		GIN (SLOE)	175
				
BATIDA DE MARACUJA E COCO	PASSION FRUIT PUREE		PUREE (PASSION FRUIT)	175
BATIDA DE MARACUJA E COCO	COCONUT MILK		COCONUT MILK	175
BATIDA DE MARACUJA E COCO	POT STILL AGED CACHAÇA		CACHAÇA	175
BATIDA DE MARACUJA E COCO	SWEETENED CONDENSED MILK		SWEETENED CONDENSED MILK	175
				
WRAY & TING	WRAY & NEPHEW WHITE OVERPROOF RUM		RUM (WRAY & NEPHEW WHITE OVERPROOF)	176
WRAY & TING	TING GRAPEFRUIT SODA		SODA (GRAPEFRUIT (TING))	176
				
HIBISCUS RUM PUNCH	SELTZER		SODA	176
HIBISCUS RUM PUNCH	LIME JUICE		JUICE (LIME)	176
HIBISCUS RUM PUNCH	HIBISCUS LIQUEUR		LIQUEUR (HIBISCUS)	176
HIBISCUS RUM PUNCH	DEMERARA SYRUP		SYRUP (DEMERARA)	176
HIBISCUS RUM PUNCH	BLENDED AGED RUM (JAMAICA)	3	RUM (BLENDED AGED)	176
				
TI' PUNCH / TI' PUNCH VIEUX	MARTINIQUE SUGARCANE SYRUP		SYRUP (MARTINIQUE SUGARCANE)	179
TI' PUNCH / TI' PUNCH VIEUX	CANE AOC MARTINIQUE RHUM AGRICOLE BLANC	7	RUM (CANE AOC MARTINIQUE RHUM AGRICOLE)	179
TI' PUNCH / TI' PUNCH VIEUX	CANE AOC MARTINIQUE RHUM AGRICOLE VIEUX	OR 8	RUM (CANE AOC MARTINIQUE RHUM AGRICOLE VIEUX)	179
TI' PUNCH / TI' PUNCH VIEUX	LIME SMALL ROUNDED CHUNK		FRUIT (LIME)	179
				
BARBADOS RUM PUNCH	LIME JUICE		JUICE (LIME)	179
BARBADOS RUM PUNCH	DEMERARA SYRUP		SYRUP (DEMERARA)	179
BARBADOS RUM PUNCH	BLENDED AGED RUM (BARBADOS)	3	RUM (BLENDED AGED)	179
BARBADOS RUM PUNCH	ANGOSTURA BITTERS		BITTERS (AROMATIC)	179
				
JAMAICAN MILK PUNCH	WHOLE MILK		MILK (WHOLE)	180
JAMAICAN MILK PUNCH	HEAVY WHIPPING CREAM		CREAM (HEAVY WHIPPING)	180
JAMAICAN MILK PUNCH	DEMERARA SYRUP		SYRUP (DEMERARA)	180
JAMAICAN MILK PUNCH	BLACK BLENDED RUM (JAMAICA)	5	RUM (BLACK BLENDED)	180
JAMAICAN MILK PUNCH	VANILLA EXTRACT		EXTRACT (VANILLA)	180
JAMAICAN MILK PUNCH	ANGOSTURA BITTERS		BITTERS (AROMATIC)	180
				
CORN AND OIL	JOHN D. TAYLOR'S VELVET FALERNUM		LIQUEUR (FALERNUM)	180
CORN AND OIL	BLENDED AGED RUM (BARBADOS)	3	RUM (BLENDED AGED)	180
CORN AND OIL	ANGOSTURA BITTERS		BITTERS (AROMATIC)	180
				
QUEEN'S PARK SWIZZLE	MINT LEAVES		LEAVES (MINT)	181
QUEEN'S PARK SWIZZLE	LIME JUICE		JUICE (LIME)	181
QUEEN'S PARK SWIZZLE	DEMERARA SYRUP		SYRUP (DEMERARA)	181
QUEEN'S PARK SWIZZLE	BLACK BLENDED RUM	5	RUM (BLACK BLENDED)	181
QUEEN'S PARK SWIZZLE	ANGOSTURA BITTERS		BITTERS (AROMATIC)	181
				
HOUSE SPICED RUM	BLENDED AGED RUM	3	RUM (BLENDED AGED)	193
HOUSE SPICED RUM	VANILLA BEAN		SPICE (VANILLA BEAN)	193
HOUSE SPICED RUM	STRIP ORANGE PEEL		FRUIT (ORANGE)	193
HOUSE SPICED RUM	ALLSPICE BERRIES		SPICE (ALLSPICE)	193
HOUSE SPICED RUM	CINNAMON STICK		SPICE (CINNAMON)	193
HOUSE SPICED RUM	WHOLE CLOVES		SPICE (CLOVES)	193
HOUSE SPICED RUM	GRATED NUTMEG		SPICE (NUTMEG)	193
HOUSE SPICED RUM	WHOLE BLACK PEPERCORNS		SPICE (BLACK PEPERCORNS)	193
HOUSE SPICED RUM	GINGER		SPICE (GINGER)	193
HOUSE SPICED RUM	DEMERARA SYRUP		SYRUP (DEMERARA)	193
				
THE CHADBURN	TAWNY PORT		PORT (TAWNY)	201
THE CHADBURN	PEAR LIQUEUR (SUCH AS MATHILDE POIRE)		LIQUEUR (PEAR)	201
THE CHADBURN	BLENDED AGED RUM	3	RUM (BLENDED AGED)	201
THE CHADBURN	BITTERMENS XOCOLATL (CHOCOLATE) MOLE BITTERS		BITTERS (CHOCOLATE)	201
				
A WISH FOR GRACE	LEMON JUICE		JUICE (LEMON)	201
A WISH FOR GRACE	2:1 SIMPLE SYRUP		SYRUP (RICH SIMPLE)	201
A WISH FOR GRACE	PIERRE FERRAND DRY CURACAO		LIQUEUR (ORANGE)	201
A WISH FOR GRACE	POT STILL LIGHTLY AGED RUM (NEW ENGLAND)	1	POT STILL LIGHTLY AGED RUM (NEW ENGLAND)	201
A WISH FOR GRACE	BLANDY'S 5 YEAR VERDELHO MADEIRA		MADEIRA	201
A WISH FOR GRACE	ANGOSTURA BITTERS		BITTERS (AROMATIC)	201
				
HOT BUTTERED RUM	HOT BUTTERED RUM BATTER		HOT BUTTERED RUM BATTER	202
HOT BUTTERED RUM	BLENDED AGED RUM	3	RUM (BLENDED AGED)	202
HOT BUTTERED RUM	WATER HOT		WATER HOT	202
				
HOT BUTTERED RUM BATTER	GROUND CINNAMON		SPICE (CINNAMON)	202
HOT BUTTERED RUM BATTER	GROUND NUTMEG		SPICE (NUTMEG)	202
HOT BUTTERED RUM BATTER	GROUND BLACK PEPPER		SPICE (BLACK PEPPER)	202
HOT BUTTERED RUM BATTER	GROUND CLOVES		SPICE (CLOVES)	202
HOT BUTTERED RUM BATTER	GROUND ALLSPICE		SPICE (ALLSPICE)	202
HOT BUTTERED RUM BATTER	GROUND ANISE SEED		SPICE (ANISE SEED)	202
HOT BUTTERED RUM BATTER	SALTED BUTTER		SALTED BUTTER	202
HOT BUTTERED RUM BATTER	PACKED GOLDEN BROWN SUGAR		PACKED GOLDEN BROWN SUGAR	202
HOT BUTTERED RUM BATTER	BRER RABBIT MIL MOLASSES		MOLASSES	202
HOT BUTTERED RUM BATTER	VANILLA EXTRACT		EXTRACT (VANILLA)	202
				
ABRICOT VIEUX	APRICOT LIQUEUR (SUCH AS ROTHMAN & WINTER APRICOT LIQUEUR OR GIFFARD ABRICOT DU ROUSSILLON)		LIQUEUR (APRICOT)	203
ABRICOT VIEUX	CANE AOC MARTINIQUE RHUM AGRICOLE VIEUX	8	RUM (CANE AOC MARTINIQUE RHUM AGRICOLE VIEUX)	203
ABRICOT VIEUX	ANGOSTURA BITTERS		BITTERS (AROMATIC)	203
ABRICOT VIEUX	ORANGE BITTERS		BITTERS (ORANGE)	203
				
PANIOLO OLD-FASHIONED	LI HING MUI SYRUP		SYRUP (LI HING MUI)	203
PANIOLO OLD-FASHIONED	BLENDED AGED RUM	3	RUM (BLENDED AGED)	203
PANIOLO OLD-FASHIONED	ANGOSTURA BITTERS		BITTERS (AROMATIC)	203
				
PORT ROYAL	LIME JUICE		JUICE (LIME)	204
PORT ROYAL	JERK SYRUP		SYRUP (JERK)	204
PORT ROYAL	BLENDED LIGHTLY AGED RUM	2	RUM (BLENDED LIGHTLY AGED)	204
PORT ROYAL	WRAY & NEPHEW WHITE OVERPROOF RUM		RUM (WRAY & NEPHEW WHITE OVERPROOF)	204
PORT ROYAL	HELLFIRE TINCTURE		HELLFIRE TINCTURE	204
				
KINGSTON PALAKA	LEMON JUICE		JUICE (LEMON)	204
KINGSTON PALAKA	LI HING MUI POWDER		LI HING MUI POWDER	204
KINGSTON PALAKA	DRAMBUIE		LIQUEUR (DRAMBUIE)	204
KINGSTON PALAKA	BLENDED AGED RUM (JAMAICA)	3	RUM (BLENDED AGED)	204
				
DONN DAY AFTERNOON	LIME JUICE		JUICE (LIME)	206
DONN DAY AFTERNOON	CINNAMON SYRUP		SYRUP (CINNAMON)	206
DONN DAY AFTERNOON	STIEGL-RADLER GRAPEFRUIT BEER		BEER (GRAPEFRUIT)	206
DONN DAY AFTERNOON	CANE AOC MARTINIQUE RHUM AGRICOLE BLANC	7	RUM (CANE AOC MARTINIQUE RHUM AGRICOLE)	206
				
BAIE DU GALION	GREEN CHARTREUSE		LIQUEUR (CHARTREUSE GREEN)	206
BAIE DU GALION	DRAMBUIE		LIQUEUR (DRAMBUIE)	206
BAIE DU GALION	CANE AOC MARTINIQUE RHUM AGRICOLE BLANC	7	RUM (CANE AOC MARTINIQUE RHUM AGRICOLE)	206
				
AGRICOLE GUAVA COOLER	BUNDABERG GUAVA SODA		SODA (GUAVA)	209
AGRICOLE GUAVA COOLER	LIME JUICE		JUICE (LIME)	209
AGRICOLE GUAVA COOLER	LICOR 43 SPICED LIQUEUR		LIQUEUR (LICOR 43)	209
AGRICOLE GUAVA COOLER	CANE AOC MARTINIQUE RHUM AGRICOLE BLANC	7	RUM (CANE AOC MARTINIQUE RHUM AGRICOLE)	209
AGRICOLE GUAVA COOLER	ANGOSTURA BITTERS		BITTERS (AROMATIC)	209
				
RICHARD SEALEBACH	PIERRE FERRAND DRY CURACAO		LIQUEUR (ORANGE)	209
RICHARD SEALEBACH	R.L. SEALE 10 YEAR RUM		RUM (R.L. SEALE 10 YEAR)	209
RICHARD SEALEBACH	ANGOSTURA BITTERS		BITTERS (AROMATIC)	209
RICHARD SEALEBACH	PEYCHAUD'S		BITTERS (CREOLE)	209
RICHARD SEALEBACH	CHAMPAGNE		WINE (SPARKLING) (CHAMPAGNE)	209
				
COSA NOSTRA #2	LEMON JUICE		JUICE (LEMON)	210
COSA NOSTRA #2	AMARO AVERNA		AMARO (AVERNA)	210
COSA NOSTRA #2	BLENDED LIGHTLY AGED RUM	2	RUM (BLENDED LIGHTLY AGED)	210
COSA NOSTRA #2	ANGOSTURA BITTERS		BITTERS (AROMATIC)	210
COSA NOSTRA #2	GINGER ALE		SODA (GINGER)	210
				
SPONTANEOUS RUMBUSTION	LEMON JUICE		JUICE (LEMON)	210
SPONTANEOUS RUMBUSTION	HONEY SYRUP		SYRUP (HONEY)	210
SPONTANEOUS RUMBUSTION	BLACK BLENDED OVERPROOF RUM	6	RUM (BLACK BLENDED OVERPROOF)	210
SPONTANEOUS RUMBUSTION	POT STILL LIGHTLY AGED RUM (OVERPROOF)	1	POT STILL LIGHTLY AGED RUM (OVERPROOF)	210
SPONTANEOUS RUMBUSTION	BOILING WATER		WATER BOILING	210
				
BOO LOO	(1-INCH-SQUARE) CHUNKS PINEAPPLE 		FRUIT (PINEAPPLE)	249
BOO LOO	PINEAPPLE JUICE		JUICE (PINEAPPLE)	249
BOO LOO	LIME JUICE		JUICE (LIME)	249
BOO LOO	HONEY SYRUP		SYRUP (HONEY)	249
BOO LOO	BLENDED AGED RUM	3	RUM (BLENDED AGED)	249
BOO LOO	COLUMN STILL AGED RUM	4	RUM (COLUMN STILL AGED)	249
BOO LOO	BLACK BLENDED RUM	5	RUM (BLACK BLENDED)	249
BOO LOO	BLACK BLENDED OVERPROOF RUM	6	RUM (BLACK BLENDED OVERPROOF)	249
BOO LOO	SELTZER		SODA	249
				
CARIBEÑO	COCONUT WATER		COCONUT WATER	249
CARIBEÑO	DEMERARA SYRUP		SYRUP (DEMERARA)	249
CARIBEÑO	COLUMN STILL LIGHTLY AGED RUM		RUM (COLUMN STILL LIGHTLY AGED)	249
CARIBEÑO	LONDON DRY GIN	OR	GIN (LONDON DRY)	249
				
MONK'S RESPITE	COCONUT WATER		COCONUT WATER	251
MONK'S RESPITE	LEMON JUICE		JUICE (LEMON)	251
MONK'S RESPITE	HONEY SYRUP		SYRUP (HONEY)	251
MONK'S RESPITE	YELLOW CHARTREUSE		LIQUEUR (YELLOW CHARTREUSE)	251
MONK'S RESPITE	BROKER'S GIN		GIN (BROKER'S)	251
MONK'S RESPITE	SELTZER		SODA	251
MONK'S RESPITE	ORANGE BITTERS		BITTERS (ORANGE)	251
				
THE MASTADON	PINEAPPLE JUICE		JUICE (PINEAPPLE)	251
THE MASTADON	LIME JUICE		JUICE (LIME)	251
THE MASTADON	PASSION FRUIT PUREE		PUREE (PASSION FRUIT)	251
THE MASTADON	LICOR 43		LIQUEUR (LICOR 43)	251
THE MASTADON	MARASCHINO LIQUEUR		LIQUEUR (MARASCHINO)	251
THE MASTADON	BLENDED AGED RUM	3	RUM (BLENDED AGED)	251
THE MASTADON	BOURBON		WHISKEY (BOURBON)	251
THE MASTADON	PEYCHAUD'S BITTERS		BITTERS (CREOLE)	251
				
PIÑATA	PINEAPPLE JUICE		JUICE (PINEAPPLE)	252
PIÑATA	LEMON JUICE		JUICE (LEMON)	252
PIÑATA	DEMERARA SYRUP		SYRUP (DEMERARA)	252
PIÑATA	GINGER LIQUEUR		LIQUEUR (GINGER)	252
PIÑATA	ST. ELIZABETH ALLSPICE DRAM		LIQUEUR (ALLSPICE DRAM)	252
PIÑATA	BLACK BLENDED RUM	5	RUM (BLACK BLENDED)	252
PIÑATA	BLENDED LIGHTLY AGED RUM	2	RUM (BLENDED LIGHTLY AGED)	252
				
BUMBOAT	PINEAPPLE JUICE		JUICE (PINEAPPLE)	252
BUMBOAT	LEMON JUICE		JUICE (LEMON)	252
BUMBOAT	CINNAMON SYRUP		SYRUP (CINNAMON)	252
BUMBOAT	RYE		WHISKEY (RYE)	252
BUMBOAT	BLENDED LIGHTLY AGED RUM	2	RUM (BLENDED LIGHTLY AGED)	252
BUMBOAT	ALMOND EXTRACT		EXTRACT (ALMOND)	252
BUMBOAT	BITTERMENS 'ELEMAKULE TIKI BITTERS		BITTERS (TIKI)	252
BUMBOAT	BLACK BLENDED OVERPROOF RUM	6	RUM (BLACK BLENDED OVERPROOF)	252
				
PLANTER'S PUNCH	LIME JUICE		JUICE (LIME)	258
PLANTER'S PUNCH	DEMERARA SYRUP		SYRUP (DEMERARA)	258
PLANTER'S PUNCH	ST. ELIZABETH ALLSPICE DRAM		LIQUEUR (ALLSPICE DRAM)	258
PLANTER'S PUNCH	BLENDED AGED RUM (JAMAICA)	3	RUM (BLENDED AGED)	258
PLANTER'S PUNCH	ANGOSTURA BITTERS		BITTERS (AROMATIC)	258
				
MAI TAI	LIME JUICE		JUICE (LIME)	261
MAI TAI	MAI TAI RICH SIMPLE SYRUP		SYRUP (MAI TAI RICH SIMPLE)	261
MAI TAI	ORGEAT		SYRUP (ALMOND)	261
MAI TAI	PIERRE FERRAND DRY CURACAO		LIQUEUR (ORANGE)	261
MAI TAI	BLENDED AGED RUM	3	RUM (BLENDED AGED)	261
				
DOCTOR FUNK	LEMON JUICE		JUICE (LEMON)	266
DOCTOR FUNK	GRENADINE		SYRUP (GRENADINE)	266
DOCTOR FUNK	LIME JUICE		JUICE (LIME)	266
DOCTOR FUNK	DEMERARA SIMPLE SYRUP		SYRUP (DEMERARA)	266
DOCTOR FUNK	HERBSAINT		ABSINTHE (HERBSAINT)	266
DOCTOR FUNK	BLACK POT STILL UNAGED RUM		RUM (BLACK POT STILL UNAGED)	266
DOCTOR FUNK	SELTZER		SODA	266
				
ZOMBIE	LIME JUICE		JUICE (LIME)	268
ZOMBIE	GRAPEFRUIT JUICE		JUICE (GRAPEFRUIT)	268
ZOMBIE	CINNAMON SYRUP		SYRUP (CINNAMON)	268
ZOMBIE	GRENADINE		SYRUP (GRENADINE)	268
ZOMBIE	JOHN D. TAYLOR'S VELVET FALERNUM		LIQUEUR (FALERNUM)	268
ZOMBIE	BLENDED AGED RUM	3	RUM (BLENDED AGED)	268
ZOMBIE	COLUMN STILL AGED RUM	4	RUM (COLUMN STILL AGED)	268
ZOMBIE	BLACK BLENDED OVERPROOF RUM	6	RUM (BLACK BLENDED OVERPROOF)	268
ZOMBIE	HERBSTURA		BITTERS (HERBSTURA)	268
				
NAVY GROG	LIME JUICE		JUICE (LIME)	271
NAVY GROG	GRAPEFRUIT JUICE		JUICE (GRAPEFRUIT)	271
NAVY GROG	DEMERARA SYRUP		SYRUP (DEMERARA)	271
NAVY GROG	ST. ELIZABETH ALLSPICE DRAM		LIQUEUR (ALLSPICE DRAM)	271
NAVY GROG	POT STILL LIGHTLY AGED RUM (OVERPROOF)	1	POT STILL LIGHTLY AGED RUM (OVERPROOF)	271
NAVY GROG	BLENDED LIGHTLY AGED RUM	2	RUM (BLENDED LIGHTLY AGED)	271
NAVY GROG	COLUMN STILL AGED RUM	4	RUM (COLUMN STILL AGED)	271
				
SCORPION	LIME JUICE		JUICE (LIME)	272
SCORPION	ORANGE JUICE		JUICE (ORANGE)	272
SCORPION	DEMERARA SYRUP		SYRUP (DEMERARA)	272
SCORPION	ORGEAT		SYRUP (ALMOND)	272
SCORPION	BRANDY		BRANDY (GRAPE)	272
SCORPION	LONDON DRY GIN		GIN (LONDON DRY)	272
SCORPION	BLENDED LIGHTLY AGED RUM	2	RUM (BLENDED LIGHTLY AGED)	272
				
FOG CUTTER	LEMON JUICE		JUICE (LEMON)	275
FOG CUTTER	ORANGE JUICE		JUICE (ORANGE)	275
FOG CUTTER	ORGEAT		SYRUP (ALMOND)	275
FOG CUTTER	PISCO		BRANDY (PISCO)	275
FOG CUTTER	GIN		GIN	275
FOG CUTTER	BLENDED LIGHTLY AGED RUM	2	RUM (BLENDED LIGHTLY AGED)	275
FOG CUTTER	SHERRY OLOROSO		SHERRY (OLOROSO)	275
				
SINGAPORE SLING	SELTZER		SODA	276
SINGAPORE SLING	LEMON JUICE		JUICE (LEMON)	276
SINGAPORE SLING	DEMERARA SYRUP		SYRUP (DEMERARA)	276
SINGAPORE SLING	CHERRY HEERING LIQUEUR		LIQUEUR (CHERRY HEERING)	276
SINGAPORE SLING	BENEDICTINE		LIQUEUR (BENEDICTINE)	276
SINGAPORE SLING	LONDON DRY GIN		GIN (LONDON DRY)	276
SINGAPORE SLING	ANGOSTURA BITTERS		BITTERS (AROMATIC)	276
SINGAPORE SLING	ORANGE BITTERS		BITTERS (ORANGE)	276
				
HONDO HATTIE'S JUNGLE PUNCH!	LEMON JUICE		JUICE (LEMON)	311
HONDO HATTIE'S JUNGLE PUNCH!	HONEY SYRUP		SYRUP (HONEY)	311
HONDO HATTIE'S JUNGLE PUNCH!	BLUE CURACAO		LIQUEUR (ORANGE BLUE)	311
HONDO HATTIE'S JUNGLE PUNCH!	TAWNY PORT		PORT (TAWNY)	311
HONDO HATTIE'S JUNGLE PUNCH!	JOHN D. TAYLOR'S VELVET FALERNUM		LIQUEUR (FALERNUM)	311
HONDO HATTIE'S JUNGLE PUNCH!	PEAR LIQUEUR (SUCH AS MATHILDE POIRE)		LIQUEUR (PEAR)	311
HONDO HATTIE'S JUNGLE PUNCH!	BLENDED AGED RUM	3	RUM (BLENDED AGED)	311
HONDO HATTIE'S JUNGLE PUNCH!	ANGOSTURA BITTERS		BITTERS (AROMATIC)	311
				
KAHIKO PUNCH	LEMON JUICE		JUICE (LEMON)	311
KAHIKO PUNCH	PASSION FRUIT HONEY		SYRUP (PASSION FRUIT HONEY)	311
KAHIKO PUNCH	CINNAMON SYRUP		SYRUP (CINNAMON)	311
KAHIKO PUNCH	HIBISCUS LIQUEUR		LIQUEUR (HIBISCUS)	311
KAHIKO PUNCH	POT STILL UNAGED RUM		RUM (POT STILL UNAGED)	311
KAHIKO PUNCH	BITTERMENS 'ELEMAKULE TIKI BITTERS		BITTERS (TIKI)	311
				
TRIUMVIRATE PUNCH	LIME JUICE		JUICE (LIME)	312
TRIUMVIRATE PUNCH	PASSION FRUIT HONEY		SYRUP (PASSION FRUIT HONEY)	312
TRIUMVIRATE PUNCH	ST. ELIZABETH ALLSPICE DRAM		LIQUEUR (ALLSPICE DRAM)	312
TRIUMVIRATE PUNCH	POT STILL UNAGED RUM		RUM (POT STILL UNAGED)	312
TRIUMVIRATE PUNCH	ANGOSTURA BITTERS		BITTERS (AROMATIC)	312
TRIUMVIRATE PUNCH	GRATED NUTMEG		SPICE (NUTMEG)	312
				
EUREKA PUNCH	LEMON JUICE		JUICE (LEMON)	312
EUREKA PUNCH	HONEY SYRUP		SYRUP (HONEY)	312
EUREKA PUNCH	YELLOW CHARTREUSE		LIQUEUR (YELLOW CHARTREUSE)	312
EUREKA PUNCH	COLUMN STILL AGED RUM	4	RUM (COLUMN STILL AGED)	312
EUREKA PUNCH	ANGOSTURA BITTERS		BITTERS (AROMATIC)	312
EUREKA PUNCH	GINGER ALE		SODA (GINGER)	312
				
YULETIDAL WAVE	PINEAPPLE JUICE		JUICE (PINEAPPLE)	313
YULETIDAL WAVE	LEMON JUICE		JUICE (LEMON)	313
YULETIDAL WAVE	PEAR LIQUEUR (SUCH AS MATHILDE POIRE)		LIQUEUR (PEAR)	313
YULETIDAL WAVE	LICOR 43		LIQUEUR (LICOR 43)	313
YULETIDAL WAVE	ST. ELIZABETH ALLSPICE DRAM		LIQUEUR (ALLSPICE DRAM)	313
YULETIDAL WAVE	BRANDY		BRANDY (GRAPE)	313
YULETIDAL WAVE	BOURBON		WHISKEY (BOURBON)	313
YULETIDAL WAVE	COLUMN STILL AGED RUM	4	RUM (COLUMN STILL AGED)	313
				
RUMBUSTION PUNCH	LIME JUICE		JUICE (LIME)	313
RUMBUSTION PUNCH	DEMERARA SYRUP		SYRUP (DEMERARA)	313
RUMBUSTION PUNCH	CINNAMON SYRUP		SYRUP (CINNAMON)	313
RUMBUSTION PUNCH	BLENDED AGED RUM	3	RUM (BLENDED AGED)	313
RUMBUSTION PUNCH	BLENDED LIGHTLY AGED RUM	2	RUM (BLENDED LIGHTLY AGED)	313
RUMBUSTION PUNCH	HERBSTURA		BITTERS (HERBSTURA)	313
				
PUKA PUNCH	LIME JUICE		JUICE (LIME)	318
PUKA PUNCH	ORANGE JUICE		JUICE (ORANGE)	318
PUKA PUNCH	PINEAPPLE JUICE		JUICE (PINEAPPLE)	318
PUKA PUNCH	HONEY SYRUP		SYRUP (HONEY)	318
PUKA PUNCH	PASSION FRUIT SYRUP		SYRUP (PASSION FRUIT)	318
PUKA PUNCH	JOHN D. TAYLOR'S VELVET FALERNUM		LIQUEUR (FALERNUM)	318
PUKA PUNCH	BLENDED AGED RUM	3	RUM (BLENDED AGED)	318
PUKA PUNCH	BLENDED LIGHTLY AGED RUM	2	RUM (BLENDED LIGHTLY AGED)	318
PUKA PUNCH	BLACK BLENDED RUM	5	RUM (BLACK BLENDED)	318
PUKA PUNCH	ANGOSTURA BITTERS		BITTERS (AROMATIC)	318
PUKA PUNCH	BLACK BLENDED OVERPROOF RUM	6	RUM (BLACK BLENDED OVERPROOF)	318